Alaotra Mangoro,Ambatondrazaka,Ambatondrazaka
Alaotra Mangoro,Ambatondrazaka,Feramanga Nord
Alaotra Mangoro,Ambatondrazaka,Ambatondrazaka Suburbaine
Alaotra Mangoro,Ambatondrazaka,Ambandrika
Alaotra Mangoro,Ambatondrazaka,Ampitatsimo
Alaotra Mangoro,Ambatondrazaka,Ambohitsilaozana
Alaotra Mangoro,Ambatondrazaka,Ilafy
Alaotra Mangoro,Ambatondrazaka,Manakambahiny Andrefana
Alaotra Mangoro,Ambatondrazaka,Antsangasanga
Alaotra Mangoro,Ambatondrazaka,Ambatosoratra
Alaotra Mangoro,Ambatondrazaka,Andilanatoby
Alaotra Mangoro,Ambatondrazaka,Bejofo
Alaotra Mangoro,Ambatondrazaka,Didy
Alaotra Mangoro,Ambatondrazaka,Imerimandroso
Alaotra Mangoro,Ambatondrazaka,Amparihintsokatra
Alaotra Mangoro,Ambatondrazaka,Antanandava
Alaotra Mangoro,Ambatondrazaka,Andromba
Alaotra Mangoro,Ambatondrazaka,Manakambahiny Antsinanana
Alaotra Mangoro,Ambatondrazaka,Soalazaina
Alaotra Mangoro,Ambatondrazaka,Tanambao Besakay
Alaotra Mangoro,Amparafaravola,Amparafaravola
Alaotra Mangoro,Amparafaravola,Bedidy
Alaotra Mangoro,Amparafaravola,Ambohimandroso
Alaotra Mangoro,Amparafaravola,Sahamamy
Alaotra Mangoro,Amparafaravola,Ambatomainty
Alaotra Mangoro,Amparafaravola,Ampasikely
Alaotra Mangoro,Amparafaravola,Andrebakely Sud
Alaotra Mangoro,Amparafaravola,Ambohitrarivo
Alaotra Mangoro,Amparafaravola,Anororo
Alaotra Mangoro,Amparafaravola,Morarano Chrome
Alaotra Mangoro,Amparafaravola,Ranomainty
Alaotra Mangoro,Amparafaravola,Ambohijanahary
Alaotra Mangoro,Amparafaravola,Tanambe
Alaotra Mangoro,Amparafaravola,Beanana
Alaotra Mangoro,Amparafaravola,Vohitsara
Alaotra Mangoro,Amparafaravola,Amboavory
Alaotra Mangoro,Amparafaravola,Andilana Nord
Alaotra Mangoro,Amparafaravola,Ambodimanga
Alaotra Mangoro,Amparafaravola,Vohimena
Alaotra Mangoro,Amparafaravola,Andrebakely Nord
Alaotra Mangoro,Andilamena,Andilamena
Alaotra Mangoro,Andilamena,Bemaitso
Alaotra Mangoro,Andilamena,Antanimenabaka
Alaotra Mangoro,Andilamena,Tanananifololahy
Alaotra Mangoro,Andilamena,Maroadabo
Alaotra Mangoro,Andilamena,Marovato
Alaotra Mangoro,Andilamena,Miarinarivo
Alaotra Mangoro,Andilamena,Maitsokely
Alaotra Mangoro,Anosibe An'ala,Anosibe An'ala
Alaotra Mangoro,Anosibe An'ala,Ampasimaneva
Alaotra Mangoro,Anosibe An'ala,Ampandroantraka
Alaotra Mangoro,Anosibe An'ala,Tratramarina
Alaotra Mangoro,Anosibe An'ala,Antandrokomby
Alaotra Mangoro,Anosibe An'ala,Ambalaomby
Alaotra Mangoro,Anosibe An'ala,Niarovana Marosampanana
Alaotra Mangoro,Anosibe An'ala,Tsaravinany
Alaotra Mangoro,Anosibe An'ala,Longozabe
Alaotra Mangoro,Anosibe An'ala,Ambatoharanana
Alaotra Mangoro,Moramanga,Moramanga
Alaotra Mangoro,Moramanga,Ambohibary
Alaotra Mangoro,Moramanga,Ampasimpotsy Gara
Alaotra Mangoro,Moramanga,Andasibe
Alaotra Mangoro,Moramanga,Anosibe Ifody
Alaotra Mangoro,Moramanga,Vodiriana
Alaotra Mangoro,Moramanga,Morarano Gara
Alaotra Mangoro,Moramanga,Belavabary
Alaotra Mangoro,Moramanga,Sabotsy Anjiro
Alaotra Mangoro,Moramanga,Ambohidronono
Alaotra Mangoro,Moramanga,Beforona
Alaotra Mangoro,Moramanga,Ambatovola
Alaotra Mangoro,Moramanga,Lakato
Alaotra Mangoro,Moramanga,Amboasary
Alaotra Mangoro,Moramanga,Fierenana
Alaotra Mangoro,Moramanga,Mandialaza
Alaotra Mangoro,Moramanga,Antaniditra
Alaotra Mangoro,Moramanga,Ampasipotsy Mandialaza
Alaotra Mangoro,Moramanga,Antanandava
Alaotra Mangoro,Moramanga,Mangarivotra
Alaotra Mangoro,Moramanga,Andaingo
Amoron'i Mania,Ambatofinandrahana,Ambatofinandrahana
Amoron'i Mania,Ambatofinandrahana,Itremo
Amoron'i Mania,Ambatofinandrahana,Fenoarivo
Amoron'i Mania,Ambatofinandrahana,Soavina
Amoron'i Mania,Ambatofinandrahana,Ambondromisotra
Amoron'i Mania,Ambatofinandrahana,Ambatomifanongoa
Amoron'i Mania,Ambatofinandrahana,Amborompotsy
Amoron'i Mania,Ambatofinandrahana,Mandrosonoro
Amoron'i Mania,Ambatofinandrahana,Mangataboahangy
Amoron'i Mania,Ambositra,Ambositra I
Amoron'i Mania,Ambositra,Ambositra II
Amoron'i Mania,Ambositra,Ankazoambo
Amoron'i Mania,Ambositra,Ivony Miaramiasa
Amoron'i Mania,Ambositra,Andina
Amoron'i Mania,Ambositra,Imerina Imady
Amoron'i Mania,Ambositra,Ivato
Amoron'i Mania,Ambositra,Tsarasaotra
Amoron'i Mania,Ambositra,Marosoa
Amoron'i Mania,Ambositra,Fahizay
Amoron'i Mania,Ambositra,Alakamisy Ambohijato
Amoron'i Mania,Ambositra,Kianjandrakefina
Amoron'i Mania,Ambositra,Ambalamanakana
Amoron'i Mania,Ambositra,Ilaka Centre
Amoron'i Mania,Ambositra,Ihadilanana
Amoron'i Mania,Ambositra,Ambatofitorahana
Amoron'i Mania,Ambositra,Antoetra
Amoron'i Mania,Ambositra,Mahazina Ambohipierenana
Amoron'i Mania,Ambositra,Sahatsiho Ambohimanjaka
Amoron'i Mania,Ambositra,Ambohimitombo I
Amoron'i Mania,Ambositra,Ambohimitombo II
Amoron'i Mania,Ambositra,Ambinanindrano
Amoron'i Mania,Ambositra,Vohidahy
Amoron'i Mania,Fandriana,Fandriana
Amoron'i Mania,Fandriana,Milamaina
Amoron'i Mania,Fandriana,Sahamadio Fisakana
Amoron'i Mania,Fandriana,Fiadanana
Amoron'i Mania,Fandriana,Tsarazaza
Amoron'i Mania,Fandriana,Tatamalaza
Amoron'i Mania,Fandriana,Ankarinoro
Amoron'i Mania,Fandriana,Sandrandahy
Amoron'i Mania,Fandriana,Mahazoarivo
Amoron'i Mania,Fandriana,Miarinavaratra
Amoron'i Mania,Fandriana,Betsimisotra
Amoron'i Mania,Fandriana,Alakamisy Ambohimahazo
Amoron'i Mania,Fandriana,Imito
Amoron'i Mania,Manandriana,Ambovombe Centre
Amoron'i Mania,Manandriana,Ambohimahazo
Amoron'i Mania,Manandriana,Anjoma Nandihizana
Amoron'i Mania,Manandriana,Ambohimilanja
Amoron'i Mania,Manandriana,Ambohipo
Amoron'i Mania,Manandriana,Anjoman'ankona
Amoron'i Mania,Manandriana,Vinany Andakatanikely
Amoron'i Mania,Manandriana,Talata Vohimena
Amoron'i Mania,Manandriana,Ambatomarina
Amoron'i Mania,Manandriana,Andakatany
Anamalanga,Ambohidratrimo,Ambohidratrimo
Anamalanga,Ambohidratrimo,Anosiala
Anamalanga,Ambohidratrimo,Talatamaty
Anamalanga,Ambohidratrimo,Antehiroka
Anamalanga,Ambohidratrimo,Iarinarivo
Anamalanga,Ambohidratrimo,Ivato Firaisana
Anamalanga,Ambohidratrimo,Ivato Airport
Anamalanga,Ambohidratrimo,Ambohitrimanjaka
Anamalanga,Ambohidratrimo,Mahitsy
Anamalanga,Ambohidratrimo,Merimandroso
Anamalanga,Ambohidratrimo,Ambatolampy
Anamalanga,Ambohidratrimo,Ampangabe
Anamalanga,Ambohidratrimo,Ampanotokana
Anamalanga,Ambohidratrimo,Mananjara
Anamalanga,Ambohidratrimo,Manjakavaradrano
Anamalanga,Ambohidratrimo,Antsahafilo
Anamalanga,Ambohidratrimo,Ambohimanjaka
Anamalanga,Ambohidratrimo,Fiadanana
Anamalanga,Ambohidratrimo,Mahabo
Anamalanga,Ambohidratrimo,Mahereza
Anamalanga,Ambohidratrimo,Antanetibe
Anamalanga,Ambohidratrimo,Ambohipihaonana
Anamalanga,Ambohidratrimo,Ambato
Anamalanga,Ambohidratrimo,Anjanadoria
Anamalanga,Ambohidratrimo,Avaratsena
Anamalanga,Andramasina,Andramasina
Anamalanga,Andramasina,Sabotsy Ambohitromby
Anamalanga,Andramasina,Andohariana
Anamalanga,Andramasina,Mandrosoa
Anamalanga,Andramasina,Alatsinainy Bakaro
Anamalanga,Andramasina,Antotohazo
Anamalanga,Andramasina,Ambohimiadana
Anamalanga,Andramasina,Tankafatra
Anamalanga,Andramasina,Alarobia Vatosola
Anamalanga,Andramasina,Fitsinjovana Bakaro
Anamalanga,Andramasina,Sabotsy Manjakavahoaka
Anamalanga,Andramasina,Anosibe Trimoloharano
Anamalanga,Anjozorobe,Anjozorobe
Anamalanga,Anjozorobe,Mangamila
Anamalanga,Anjozorobe,Ambongamarina
Anamalanga,Anjozorobe,Tsarasaotra
Anamalanga,Anjozorobe,Ambohimanarina Marovazaha
Anamalanga,Anjozorobe,Betatao
Anamalanga,Anjozorobe,Alakamisy
Anamalanga,Anjozorobe,Analaroa
Anamalanga,Anjozorobe,Antanetibe
Anamalanga,Anjozorobe,Belanitra
Anamalanga,Anjozorobe,Ambatomanoina
Anamalanga,Anjozorobe,Amparatanjona
Anamalanga,Anjozorobe,Amboasary Nord
Anamalanga,Anjozorobe,Androvakely
Anamalanga,Anjozorobe,Ambohibary Vohilena
Anamalanga,Anjozorobe,Ambohimirary
Anamalanga,Anjozorobe,Marotsipoy
Anamalanga,Anjozorobe,Beronono
Anamalanga,Ankazobe,Ankazobe
Anamalanga,Ankazobe,Talata Angavo
Anamalanga,Ankazobe,Ambohitromby
Anamalanga,Ankazobe,Antotohazo
Anamalanga,Ankazobe,Marondry
Anamalanga,Ankazobe,Fihaonana
Anamalanga,Ankazobe,Mahavelona
Anamalanga,Ankazobe,Fiadanana
Anamalanga,Ankazobe,Tsaramasoandro
Anamalanga,Ankazobe,Ambolotarakely
Anamalanga,Ankazobe,Antakavana
Anamalanga,Ankazobe,Kiangara
Anamalanga,Ankazobe,Miantso
Anamalanga,Antananarivo Atsimondrano,Ampitatafika
Anamalanga,Antananarivo Atsimondrano,Anosizato Andrefana
Anamalanga,Antananarivo Atsimondrano,Andranonahoatra
Anamalanga,Antananarivo Atsimondrano,Ambohidrapeto
Anamalanga,Antananarivo Atsimondrano,Bemasoandro
Anamalanga,Antananarivo Atsimondrano,Fiombonana
Anamalanga,Antananarivo Atsimondrano,Itaosy
Anamalanga,Antananarivo Atsimondrano,Ambavahaditokana
Anamalanga,Antananarivo Atsimondrano,Tanjombato
Anamalanga,Antananarivo Atsimondrano,Andoharanofotsy
Anamalanga,Antananarivo Atsimondrano,Ankaraobato
Anamalanga,Antananarivo Atsimondrano,Soalandy
Anamalanga,Antananarivo Atsimondrano,Antanetikely
Anamalanga,Antananarivo Atsimondrano,Alatsinainy Ambazaha
Anamalanga,Antananarivo Atsimondrano,Ampanefy
Anamalanga,Antananarivo Atsimondrano,Ankadimanga
Anamalanga,Antananarivo Atsimondrano,Fenoarivo
Anamalanga,Antananarivo Atsimondrano,Alakamisy Fenoarivo
Anamalanga,Antananarivo Atsimondrano,Soavina
Anamalanga,Antananarivo Atsimondrano,Ambohijanaka
Anamalanga,Antananarivo Atsimondrano,Ampahitrosy
Anamalanga,Antananarivo Atsimondrano,Bongatsara
Anamalanga,Antananarivo Atsimondrano,Androhibe
Anamalanga,Antananarivo Atsimondrano,Tsiafahy
Anamalanga,Antananarivo Atsimondrano,Ambalavao
Anamalanga,Antananarivo Atsimondrano,Ambatofahavalo
Anamalanga,Antananarivo Avaradrano,Alasora
Anamalanga,Antananarivo Avaradrano,Aankadikely Ilafy
Anamalanga,Antananarivo Avaradrano,Ambohimanambola
Anamalanga,Antananarivo Avaradrano,Sabotsy Namehana
Anamalanga,Antananarivo Avaradrano,Ambohimangakely
Anamalanga,Antananarivo Avaradrano,Manandriana
Anamalanga,Antananarivo Avaradrano,Ambohimalaza Miray
Anamalanga,Antananarivo Avaradrano,Fiaferana
Anamalanga,Antananarivo Avaradrano,Ambohimanga Rova
Anamalanga,Antananarivo Avaradrano,Viliahazo
Anamalanga,Antananarivo Avaradrano,Talata Volonondry
Anamalanga,Antananarivo Avaradrano,Anjeva Gara
Anamalanga,Antananarivo Avaradrano,Masindray
Anamalanga,Antananarivo Avaradrano,Ankadinandriana
Anamalanga,Antananarivo Renivohitra,1ER Arrondissement
Anamalanga,Antananarivo Renivohitra,2E Arrondissement
Anamalanga,Antananarivo Renivohitra,3E Arrondissement
Anamalanga,Antananarivo Renivohitra,4E Arrondissement
Anamalanga,Antananarivo Renivohitra,5E Arrondissement
Anamalanga,Antananarivo Renivohitra,6E Arrondissement
Anamalanga,Manjakandriana,Manjakandriana
Anamalanga,Manjakandriana,Ambatolaona
Anamalanga,Manjakandriana,Sambaina
Anamalanga,Manjakandriana,Ambohibary
Anamalanga,Manjakandriana,Ambatomanga
Anamalanga,Manjakandriana,Alarobia
Anamalanga,Manjakandriana,Mantasoa
Anamalanga,Manjakandriana,Ranovao
Anamalanga,Manjakandriana,Miadanandriana
Anamalanga,Manjakandriana,Nandihizana
Anamalanga,Manjakandriana,Anjepy
Anamalanga,Manjakandriana,Ambanitsena
Anamalanga,Manjakandriana,Ambohitrandriamanitra
Anamalanga,Manjakandriana,Ambatomena
Anamalanga,Manjakandriana,Ambohibao Sud
Anamalanga,Manjakandriana,Ambohitseheno
Anamalanga,Manjakandriana,Antsahalalina
Anamalanga,Manjakandriana,Ambohitrony
Anamalanga,Manjakandriana,Merikanjaka
Anamalanga,Manjakandriana,Anjoma Betoho
Anamalanga,Manjakandriana,Ankazondandy
Anamalanga,Manjakandriana,Soavinandriana
Anamalanga,Manjakandriana,Ambohitrolomahitsy
Anamalanga,Manjakandriana,Ampaneva
Anamalanga,Manjakandriana,Sadabe
Analanjirofo,Fenerive Est,Fenerive Est
Analanjirofo,Fenerive Est,Mahambo
Analanjirofo,Fenerive Est,Ambodimanga II
Analanjirofo,Fenerive Est,Ampasina Maningory
Analanjirofo,Fenerive Est,Ambatoharanana
Analanjirofo,Fenerive Est,Vohilengo
Analanjirofo,Fenerive Est,Saranambana
Analanjirofo,Fenerive Est,Ampasimbe Manantsatrana
Analanjirofo,Fenerive Est,Miorimivalana
Analanjirofo,Fenerive Est,Vohipeno
Analanjirofo,Fenerive Est,Antsiatsiaka
Analanjirofo,Fenerive Est,Mahanoro
Analanjirofo,Mananara-Avaratra,Mananara Avaratra
Analanjirofo,Mananara-Avaratra,Ambodivoanio
Analanjirofo,Mananara-Avaratra,Imorona
Analanjirofo,Mananara-Avaratra,Antanambaobe
Analanjirofo,Mananara-Avaratra,Antanananivo
Analanjirofo,Mananara-Avaratra,Manambolosy
Analanjirofo,Mananara-Avaratra,Ambodiampana
Analanjirofo,Mananara-Avaratra,Sandrakatsy
Analanjirofo,Mananara-Avaratra,Tanibe
Analanjirofo,Mananara-Avaratra,Ambatoharanana
Analanjirofo,Mananara-Avaratra,Antanambe
Analanjirofo,Mananara-Avaratra,Saromaona
Analanjirofo,Mananara-Avaratra,Vanono
Analanjirofo,Mananara-Avaratra,Andasibe I
Analanjirofo,Maroantsetra,Maroantsetra
Analanjirofo,Maroantsetra,Anjanazana
Analanjirofo,Maroantsetra,Manambolo
Analanjirofo,Maroantsetra,Andranofotsy
Analanjirofo,Maroantsetra,Antakotako
Analanjirofo,Maroantsetra,Ankofa
Analanjirofo,Maroantsetra,Ambinanitelo
Analanjirofo,Maroantsetra,Anjahana
Analanjirofo,Maroantsetra,Ambanizana
Analanjirofo,Maroantsetra,Mahalevona
Analanjirofo,Maroantsetra,Voloina
Analanjirofo,Maroantsetra,Ankofabe
Analanjirofo,Maroantsetra,Antsirabe Sahatany
Analanjirofo,Maroantsetra,Rantabe
Analanjirofo,Maroantsetra,Morafeno
Analanjirofo,Maroantsetra,Androndrono
Analanjirofo,Maroantsetra,Ambodimanga Rantabe
Analanjirofo,Maroantsetra,Anandrivola
Analanjirofo,Sainte Marie,Sainte Marie
Analanjirofo,Soanierana Ivongo,Soanierana Ivongo
Analanjirofo,Soanierana Ivongo,Fotsialanana
Analanjirofo,Soanierana Ivongo,Antanifotsy
Analanjirofo,Soanierana Ivongo,Ambodiampana
Analanjirofo,Soanierana Ivongo,Andapafito
Analanjirofo,Soanierana Ivongo,Ambahoabe
Analanjirofo,Soanierana Ivongo,Manompana
Analanjirofo,Soanierana Ivongo,Antenina
Analanjirofo,Vavatenina,Vavatenina
Analanjirofo,Vavatenina,Maromitety
Analanjirofo,Vavatenina,Ambohibe
Analanjirofo,Vavatenina,Ampasimazava
Analanjirofo,Vavatenina,Anjahambe
Analanjirofo,Vavatenina,Ambatoharanana
Analanjirofo,Vavatenina,Andasibe
Analanjirofo,Vavatenina,Miarinarivo
Analanjirofo,Vavatenina,Sahatavy
Analanjirofo,Vavatenina,Ambodimangavalo
Androy,Ambovombe-Androy,Ambovombe
Androy,Ambovombe-Androy,Tsimananada
Androy,Ambovombe-Androy,Erada
Androy,Ambovombe-Androy,Anjeky Ankilikira
Androy,Ambovombe-Androy,Ambanisarika
Androy,Ambovombe-Androy,Analamary
Androy,Ambovombe-Androy,Ambohimalaza
Androy,Ambovombe-Androy,Ambonaivo
Androy,Ambovombe-Androy,Maroalomainty
Androy,Ambovombe-Androy,Maroalopoty
Androy,Ambovombe-Androy,Ambondro
Androy,Ambovombe-Androy,Ambazoa
Androy,Ambovombe-Androy,Sihanamaro
Androy,Ambovombe-Androy,Marovato Befeno
Androy,Ambovombe-Androy,Antanimora Atsimo
Androy,Ambovombe-Androy,Andalatanosy
Androy,Ambovombe-Androy,Ampamata
Androy,Ambovombe-Androy,Jafaro
Androy,Ambovombe-Androy,Imanombo
Androy,Bekily,Morafeno Bekily
Androy,Bekily,Ankaranabo Nord
Androy,Bekily,Besakoa
Androy,Bekily,Anja Nord
Androy,Bekily,Antsakoamaro
Androy,Bekily,Ambatosola
Androy,Bekily,Tsirandrany
Androy,Bekily,Tsikolaky
Androy,Bekily,Manakompy
Androy,Bekily,Ambahita
Androy,Bekily,Maroviro
Androy,Bekily,Belindo Mahasoa
Androy,Bekily,Beteza
Androy,Bekily,Tanandava
Androy,Bekily,Bekitro
Androy,Bekily,Beraketa
Androy,Bekily,Vohimanga
Androy,Bekily,Bevitiky
Androy,Bekily,Anivorano Mitsinjo
Androy,Beloha,Beloha
Androy,Beloha,Tranovaho
Androy,Beloha,Kopoky
Androy,Beloha,Marolinta
Androy,Beloha,Tranoroa
Androy,Beloha,Behabobo
Androy,Tsihombe,Tsihombe
Androy,Tsihombe,Nikoly
Androy,Tsihombe,Betanty (Faux Cap)
Androy,Tsihombe,Anjampaly
Androy,Tsihombe,Marovato
Androy,Tsihombe,Antaritarika
Androy,Tsihombe,Imongy
Anosy,Amboasary-Atsimo,Amboasary Atsimo
Anosy,Amboasary-Atsimo,Behara
Anosy,Amboasary-Atsimo,Tanandava Sud
Anosy,Amboasary-Atsimo,Sampona
Anosy,Amboasary-Atsimo,Ifotaka
Anosy,Amboasary-Atsimo,Tranomaro
Anosy,Amboasary-Atsimo,Maromby
Anosy,Amboasary-Atsimo,Elonty
Anosy,Amboasary-Atsimo,Esira
Anosy,Amboasary-Atsimo,Mahaly
Anosy,Amboasary-Atsimo,Manevy
Anosy,Amboasary-Atsimo,Tsivory
Anosy,Amboasary-Atsimo,Marotsiraka
Anosy,Amboasary-Atsimo,Tomboarivo
Anosy,Amboasary-Atsimo,Ebelo
Anosy,Amboasary-Atsimo,Ranobe
Anosy,Betroka,Betroka
Anosy,Betroka,Tsaraitso
Anosy,Betroka,Naninora
Anosy,Betroka,Ambalasoa
Anosy,Betroka,Ivahona
Anosy,Betroka,Analamary
Anosy,Betroka,Ianabinda
Anosy,Betroka,Benato Toby
Anosy,Betroka,Mahabo
Anosy,Betroka,Beampombo I
Anosy,Betroka,Jangany
Anosy,Betroka,Mahasoa Est
Anosy,Betroka,Bekorobo
Anosy,Betroka,Iaborotra
Anosy,Betroka,Isoanala
Anosy,Betroka,Beampombo II
Anosy,Betroka,Nanarena Besakoa
Anosy,Betroka,Ianakafy
Anosy,Betroka,Andriandampy
Anosy,Betroka,Sakamahily
Anosy,Betroka,Ambatomivary
Anosy,Taolagnaro,Fort-Dauphin
Anosy,Taolagnaro,Ampasy Nahampoana
Anosy,Taolagnaro,Mandromondromotra
Anosy,Taolagnaro,Soanierana
Anosy,Taolagnaro,Ifarantsa
Anosy,Taolagnaro,Isaka-Ivondro
Anosy,Taolagnaro,Mandiso
Anosy,Taolagnaro,Manambaro
Anosy,Taolagnaro,Sarisambo
Anosy,Taolagnaro,Ankaramena
Anosy,Taolagnaro,Ranopiso
Anosy,Taolagnaro,Ambatoabo
Anosy,Taolagnaro,Ankariera
Anosy,Taolagnaro,Analapatsy
Anosy,Taolagnaro,Andranobory
Anosy,Taolagnaro,Mahatalaky
Anosy,Taolagnaro,Iaboakoho
Anosy,Taolagnaro,Enaniliha
Anosy,Taolagnaro,Fenoevo-Efita
Anosy,Taolagnaro,Enakara-Haut
Anosy,Taolagnaro,Ranomafana
Anosy,Taolagnaro,Emagnobo
Anosy,Taolagnaro,Bevoay
Anosy,Taolagnaro,Ampasimena
Anosy,Taolagnaro,Manantenina
Anosy,Taolagnaro,Analamary
Anosy,Taolagnaro,Soavary
Atsimo Andrefana,Ampanihy Ouest,Ampanihy Ouest
Atsimo Andrefana,Ampanihy Ouest,Ankiliabo
Atsimo Andrefana,Ampanihy Ouest,Amborompotsy
Atsimo Andrefana,Ampanihy Ouest,Ankilizato
Atsimo Andrefana,Ampanihy Ouest,Maniry
Atsimo Andrefana,Ampanihy Ouest,Antaly
Atsimo Andrefana,Ampanihy Ouest,Ankilimivory
Atsimo Andrefana,Ampanihy Ouest,Ejeda
Atsimo Andrefana,Ampanihy Ouest,Belafike Haut
Atsimo Andrefana,Ampanihy Ouest,Beahitse
Atsimo Andrefana,Ampanihy Ouest,Gogogogo
Atsimo Andrefana,Ampanihy Ouest,Androka
Atsimo Andrefana,Ampanihy Ouest,Vohitany
Atsimo Andrefana,Ampanihy Ouest,Beroy Atsimo
Atsimo Andrefana,Ampanihy Ouest,Fotadrevo
Atsimo Andrefana,Ampanihy Ouest,Itampolo
Atsimo Andrefana,Ankazoabo,Ankazoabo Sud
Atsimo Andrefana,Ankazoabo,Fotivolo
Atsimo Andrefana,Ankazoabo,Tandrano
Atsimo Andrefana,Ankazoabo,Andranomafana
Atsimo Andrefana,Ankazoabo,Berenty
Atsimo Andrefana,Ankazoabo,Ilemby
Atsimo Andrefana,Benenitra,Benenitra
Atsimo Andrefana,Benenitra,Ianapera
Atsimo Andrefana,Benenitra,Ambalavato
Atsimo Andrefana,Benenitra,Ehara
Atsimo Andrefana,Beroroha,Beroroha
Atsimo Andrefana,Beroroha,Bemavo
Atsimo Andrefana,Beroroha,Fanjakana
Atsimo Andrefana,Beroroha,Behisatsy
Atsimo Andrefana,Beroroha,Marerano
Atsimo Andrefana,Beroroha,Mandronarivo
Atsimo Andrefana,Beroroha,Tanamary
Atsimo Andrefana,Beroroha,Sakena
Atsimo Andrefana,Betioky Atsimo,Betioky Atsimo
Atsimo Andrefana,Betioky Atsimo,Sakamasay
Atsimo Andrefana,Betioky Atsimo,Ambatry Mitsinjo
Atsimo Andrefana,Betioky Atsimo,Ankazomanga Ouest
Atsimo Andrefana,Betioky Atsimo,Maroarivo Ankazomanga
Atsimo Andrefana,Betioky Atsimo,Beantake
Atsimo Andrefana,Betioky Atsimo,Masiaboay
Atsimo Andrefana,Betioky Atsimo,Antohabato
Atsimo Andrefana,Betioky Atsimo,Tameantsoa
Atsimo Andrefana,Betioky Atsimo,Tongobory
Atsimo Andrefana,Betioky Atsimo,Besely
Atsimo Andrefana,Betioky Atsimo,Vatolatsaka
Atsimo Andrefana,Betioky Atsimo,Ankazombalala
Atsimo Andrefana,Betioky Atsimo,Bezaha
Atsimo Andrefana,Betioky Atsimo,Manalobe
Atsimo Andrefana,Betioky Atsimo,Andranomangatsiaka
Atsimo Andrefana,Betioky Atsimo,Ankilivalo
Atsimo Andrefana,Betioky Atsimo,Soamanonga
Atsimo Andrefana,Betioky Atsimo,Fenoandala
Atsimo Andrefana,Betioky Atsimo,Soaserana
Atsimo Andrefana,Betioky Atsimo,Marosavoa
Atsimo Andrefana,Betioky Atsimo,Salobe
Atsimo Andrefana,Betioky Atsimo,Tanambao Haut
Atsimo Andrefana,Betioky Atsimo,Belamoty
Atsimo Andrefana,Betioky Atsimo,Antsavoa
Atsimo Andrefana,Betioky Atsimo,Montifeno
Atsimo Andrefana,Betioky Atsimo,Lazarivo
Atsimo Andrefana,Morombe,Cu Morombe
Atsimo Andrefana,Morombe,Befandefa
Atsimo Andrefana,Morombe,Ambahikily
Atsimo Andrefana,Morombe,Antongo Vaovao
Atsimo Andrefana,Morombe,Nosy Ambositra
Atsimo Andrefana,Morombe,Befandriana Sud
Atsimo Andrefana,Morombe,Antanimieva
Atsimo Andrefana,Morombe,Basibasy
Atsimo Andrefana,Sakaraha,Sakaraha
Atsimo Andrefana,Sakaraha,Miary Taheza
Atsimo Andrefana,Sakaraha,Miary Lamatihy
Atsimo Andrefana,Sakaraha,Mahaboboka
Atsimo Andrefana,Sakaraha,Amboronabo
Atsimo Andrefana,Sakaraha,Bereketa
Atsimo Andrefana,Sakaraha,Andamasiny Vineta
Atsimo Andrefana,Sakaraha,Mihavatsy
Atsimo Andrefana,Sakaraha,Andranolava
Atsimo Andrefana,Sakaraha,Ambinany
Atsimo Andrefana,Sakaraha,Mikoboka
Atsimo Andrefana,Sakaraha,Mitsinjo
Atsimo Andrefana,Toliary-I,Tanambao I
Atsimo Andrefana,Toliary-I,Tanambao II TSF Nord
Atsimo Andrefana,Toliary-I,Mahavatse I
Atsimo Andrefana,Toliary-I,Mahavatse II
Atsimo Andrefana,Toliary-I,Betania
Atsimo Andrefana,Toliary-I,Besakoa
Atsimo Andrefana,Toliary-II,Mitsinjo Betanimena
Atsimo Andrefana,Toliary-II,Belalanda
Atsimo Andrefana,Toliary-II,Betsinjaka
Atsimo Andrefana,Toliary-II,Miary Ambohibola
Atsimo Andrefana,Toliary-II,Behompy
Atsimo Andrefana,Toliary-II,Maromiandra
Atsimo Andrefana,Toliary-II,Ambohimahavelona
Atsimo Andrefana,Toliary-II,Andranohinaly
Atsimo Andrefana,Toliary-II,Saint Augustin
Atsimo Andrefana,Toliary-II,Anakao
Atsimo Andrefana,Toliary-II,Soalara Sud
Atsimo Andrefana,Toliary-II,Ambolofoty
Atsimo Andrefana,Toliary-II,Ankilimalinike
Atsimo Andrefana,Toliary-II,Antanimena Onilahy
Atsimo Andrefana,Toliary-II,Manorofify
Atsimo Andrefana,Toliary-II,Marofoty
Atsimo Andrefana,Toliary-II,Tsianisiha
Atsimo Andrefana,Toliary-II,Manombo sud
Atsimo Andrefana,Toliary-II,Andranovory
Atsimo Andrefana,Toliary-II,Milenaka
Atsimo Andrefana,Toliary-II,Ankililoaka
Atsimo Andrefana,Toliary-II,Analamisampy
Atsimo Andrefana,Toliary-II,Beheloka
Atsimo Atsinanana,Befotaka,Befotaka Sud
Atsimo Atsinanana,Befotaka,Antondabe
Atsimo Atsinanana,Befotaka,Marovitsika Sud
Atsimo Atsinanana,Befotaka,Antaninarenina
Atsimo Atsinanana,Befotaka,Ranotsara Sud
Atsimo Atsinanana,Befotaka,Beharena
Atsimo Atsinanana,Befotaka,Bekofafa Sud
Atsimo Atsinanana,Farafangana,Farafangana
Atsimo Atsinanana,Farafangana,Vohimasy
Atsimo Atsinanana,Farafangana,Anosivelo
Atsimo Atsinanana,Farafangana,Anosy Tsararafa
Atsimo Atsinanana,Farafangana,Vohitromby
Atsimo Atsinanana,Farafangana,Ivandrika
Atsimo Atsinanana,Farafangana,Manambotra Atsimo
Atsimo Atsinanana,Farafangana,Mahavelo
Atsimo Atsinanana,Farafangana,Mahafasa Centre
Atsimo Atsinanana,Farafangana,Amporoforo
Atsimo Atsinanana,Farafangana,Iabohazo
Atsimo Atsinanana,Farafangana,Tangainony
Atsimo Atsinanana,Farafangana,Beretra Bevoay
Atsimo Atsinanana,Farafangana,Ambohigogo
Atsimo Atsinanana,Farafangana,Maheriraty
Atsimo Atsinanana,Farafangana,Mahabo Mananivo
Atsimo Atsinanana,Farafangana,Ambohimandroso
Atsimo Atsinanana,Farafangana,Ankarana Miraihina
Atsimo Atsinanana,Farafangana,Evato
Atsimo Atsinanana,Farafangana,Etrotroka Atsimo
Atsimo Atsinanana,Farafangana,Ambalavato Nord
Atsimo Atsinanana,Farafangana,Efatsy
Atsimo Atsinanana,Farafangana,Tovona
Atsimo Atsinanana,Farafangana,Ambalatany
Atsimo Atsinanana,Farafangana,Namohora Iaborano
Atsimo Atsinanana,Farafangana,Sahamadio
Atsimo Atsinanana,Farafangana,Fenoarivo
Atsimo Atsinanana,Farafangana,Antseranambe
Atsimo Atsinanana,Farafangana,Ihorombe
Atsimo Atsinanana,Farafangana,Ambalavato Antevato
Atsimo Atsinanana,Farafangana,Vohilengo
Atsimo Atsinanana,Farafangana,Marovandrika
Atsimo Atsinanana,Midongy-Atsimo,Nosifeno
Atsimo Atsinanana,Midongy-Atsimo,Ankazovelo
Atsimo Atsinanana,Midongy-Atsimo,Andranolalina
Atsimo Atsinanana,Midongy-Atsimo,Maliorano
Atsimo Atsinanana,Midongy-Atsimo,Ivondro
Atsimo Atsinanana,Midongy-Atsimo,Soakibany
Atsimo Atsinanana,Vangaindrano,Vangaindrano
Atsimo Atsinanana,Vangaindrano,Ampasimalemy
Atsimo Atsinanana,Vangaindrano,Tsianofana
Atsimo Atsinanana,Vangaindrano,Bekaraoky
Atsimo Atsinanana,Vangaindrano,Tsiately
Atsimo Atsinanana,Vangaindrano,Soamanova
Atsimo Atsinanana,Vangaindrano,Lopary
Atsimo Atsinanana,Vangaindrano,Bema
Atsimo Atsinanana,Vangaindrano,Vohitrambo
Atsimo Atsinanana,Vangaindrano,Anilobe
Atsimo Atsinanana,Vangaindrano,Lohafary
Atsimo Atsinanana,Vangaindrano,Ampataka
Atsimo Atsinanana,Vangaindrano,Matanga
Atsimo Atsinanana,Vangaindrano,Masianaka
Atsimo Atsinanana,Vangaindrano,Vohipaho
Atsimo Atsinanana,Vangaindrano,Marokibo
Atsimo Atsinanana,Vangaindrano,Ranomena
Atsimo Atsinanana,Vangaindrano,Ambongo
Atsimo Atsinanana,Vangaindrano,Ambatolava
Atsimo Atsinanana,Vangaindrano,Iara
Atsimo Atsinanana,Vangaindrano,Bevata
Atsimo Atsinanana,Vangaindrano,Karimbary
Atsimo Atsinanana,Vangaindrano,Manambondro
Atsimo Atsinanana,Vangaindrano,Fenoambany
Atsimo Atsinanana,Vangaindrano,Isahara
Atsimo Atsinanana,Vangaindrano,Vohimalaza
Atsimo Atsinanana,Vangaindrano,Vatanato
Atsimo Atsinanana,Vangaindrano,Amparihy Est
Atsimo Atsinanana,Vangaindrano,Sandravinany
Atsimo Atsinanana,Vondrozo,Vondrozo
Atsimo Atsinanana,Vondrozo,Manambidala
Atsimo Atsinanana,Vondrozo,Anandravy
Atsimo Atsinanana,Vondrozo,Mahatsinjo
Atsimo Atsinanana,Vondrozo,Mahazoarivo
Atsimo Atsinanana,Vondrozo,Iamonta
Atsimo Atsinanana,Vondrozo,Vohimary
Atsimo Atsinanana,Vondrozo,Antokonala
Atsimo Atsinanana,Vondrozo,Ambohimana
Atsimo Atsinanana,Vondrozo,Karianga
Atsimo Atsinanana,Vondrozo,Manato
Atsimo Atsinanana,Vondrozo,Ivato
Atsimo Atsinanana,Vondrozo,Mahavelo
Atsimo Atsinanana,Vondrozo,Andakana
Atsimo Atsinanana,Vondrozo,Moroteza
Atsimo Atsinanana,Vondrozo,Vohiboreka
Atsinanana,Antanambao Manampontsy,Antanambao Manampontsy
Atsinanana,Antanambao Manampontsy,Mahela
Atsinanana,Antanambao Manampontsy,Saivaza
Atsinanana,Antanambao Manampontsy,Antanandehibe
Atsinanana,Antanambao Manampontsy,Manakana
Atsinanana,Brickaville,Brickaville
Atsinanana,Brickaville,Vohitranivona
Atsinanana,Brickaville,Anivorano Est
Atsinanana,Brickaville,Mahatsara
Atsinanana,Brickaville,Andovoranto
Atsinanana,Brickaville,Ambinaninony
Atsinanana,Brickaville,Fetraomby
Atsinanana,Brickaville,Vohipeno Razanaka
Atsinanana,Brickaville,Ranomafana Est
Atsinanana,Brickaville,Ampasimbe
Atsinanana,Brickaville,Fanasana
Atsinanana,Brickaville,Ambalarondra
Atsinanana,Brickaville,Maroseranana
Atsinanana,Brickaville,Lohariandava
Atsinanana,Brickaville,Andekaleka
Atsinanana,Brickaville,Ambohimanana
Atsinanana,Brickaville,Anjahamana
Atsinanana,Mahanoro,Mahanoro
Atsinanana,Mahanoro,Betsizaraina
Atsinanana,Mahanoro,Tsaravinany
Atsinanana,Mahanoro,Ambodiharina
Atsinanana,Mahanoro,Manjakandriana
Atsinanana,Mahanoro,Masomeloka
Atsinanana,Mahanoro,Ambinanidilana
Atsinanana,Mahanoro,Ambodibonara
Atsinanana,Mahanoro,Ankazotsifantatra
Atsinanana,Mahanoro,Ambinanindrano
Atsinanana,Mahanoro,Befotaka
Atsinanana,Marolambo,Marolambo
Atsinanana,Marolambo,Betampona
Atsinanana,Marolambo,Tanambao Rabemanana
Atsinanana,Marolambo,Andonabe Sud
Atsinanana,Marolambo,Ambalapaiso II
Atsinanana,Marolambo,Ambodivoangy
Atsinanana,Marolambo,Ambohimilanja
Atsinanana,Marolambo,Ambatofisaka II
Atsinanana,Marolambo,Androrangavola
Atsinanana,Marolambo,Anosiarivo I
Atsinanana,Marolambo,Amboasary
Atsinanana,Marolambo,Lohavanana
Atsinanana,Marolambo,Ambodinonoka
Atsinanana,Marolambo,Sahakevo
Atsinanana,Toamasina I,Ambodimanga
Atsinanana,Toamasina I,Anjoma
Atsinanana,Toamasina I,Morarano
Atsinanana,Toamasina I,Tanambao V
Atsinanana,Toamasina I,Ankirihiry
Atsinanana,Toamasina II,Toamasina Suburbaine
Atsinanana,Toamasina II,Antetezambaro
Atsinanana,Toamasina II,Fanandrana
Atsinanana,Toamasina II,Ambodiriana
Atsinanana,Toamasina II,Ampasimadinika Manambolo
Atsinanana,Toamasina II,Amboditandroroho
Atsinanana,Toamasina II,Mahavelona (Foulpointe)
Atsinanana,Toamasina II,Sahambala
Atsinanana,Toamasina II,Ambodilazana
Atsinanana,Toamasina II,Ampasimbe Onibe
Atsinanana,Toamasina II,Mangabe
Atsinanana,Toamasina II,Amporoforo
Atsinanana,Toamasina II,Antenina
Atsinanana,Toamasina II,Andondabe
Atsinanana,Toamasina II,Ampisokina
Atsinanana,Toamasina II,Andranobolaha
Atsinanana,Toamasina II,Fito
Atsinanana,Vatomandry,Vatomandry
Atsinanana,Vatomandry,Ambodivoananto
Atsinanana,Vatomandry,Maintinandry
Atsinanana,Vatomandry,Tanambao Vahatrakaka
Atsinanana,Vatomandry,Tsarasambo
Atsinanana,Vatomandry,Sahamatevina
Atsinanana,Vatomandry,Antanambao Mahatsara
Atsinanana,Vatomandry,Iamborano
Atsinanana,Vatomandry,Ambalavolo
Atsinanana,Vatomandry,Amboditavolo
Atsinanana,Vatomandry,Niherenana
Atsinanana,Vatomandry,Ilaka Est
Atsinanana,Vatomandry,Niarovana Caroline
Atsinanana,Vatomandry,Tsivangiana
Atsinanana,Vatomandry,Ampasimazava
Atsinanana,Vatomandry,Ampasimadinika
Atsinanana,Vatomandry,Ifasina I
Atsinanana,Vatomandry,Ambalabe
Atsinanana,Vatomandry,Ifasina II
Betsiboka,Kandreho,Kandreho
Betsiboka,Kandreho,Ambaliha
Betsiboka,Kandreho,Behazomaty
Betsiboka,Kandreho,Antanimbaribe
Betsiboka,Kandreho,Betaimboay
Betsiboka,Kandreho,Andasibe
Betsiboka,Maevatanana,Maevatanana I
Betsiboka,Maevatanana,Maevatanana II
Betsiboka,Maevatanana,Beratsimanina
Betsiboka,Maevatanana,Bemokotra
Betsiboka,Maevatanana,Mahazoma
Betsiboka,Maevatanana,Antsiafabositra
Betsiboka,Maevatanana,Antanimbary
Betsiboka,Maevatanana,Tsararano
Betsiboka,Maevatanana,Ambalajia
Betsiboka,Maevatanana,Ambalanjanakomby
Betsiboka,Maevatanana,Marokoro
Betsiboka,Maevatanana,Maria
Betsiboka,Maevatanana,Andriba
Betsiboka,Maevatanana,Mahatsinjo
Betsiboka,Maevatanana,Morafeno
Betsiboka,Maevatanana,Mangabe
Betsiboka,Maevatanana,Madiromirafy
Betsiboka,Tsaratanana,Tsaratanana
Betsiboka,Tsaratanana,Bekapaika
Betsiboka,Tsaratanana,Tsararova
Betsiboka,Tsaratanana,Betrandraka
Betsiboka,Tsaratanana,Keliloha
Betsiboka,Tsaratanana,Sarobaratra
Betsiboka,Tsaratanana,Ampandrana
Betsiboka,Tsaratanana,Andriamena
Betsiboka,Tsaratanana,Ambakireny
Betsiboka,Tsaratanana,Brieville
Betsiboka,Tsaratanana,Sakoamadinika
Betsiboka,Tsaratanana,Manakana
Boeny,Ambato Boeni,Ambato Ambarimay
Boeny,Ambato Boeni,Ankijabe
Boeny,Ambato Boeni,Andranofasika
Boeny,Ambato Boeni,Madirovalo
Boeny,Ambato Boeni,Anjiajia
Boeny,Ambato Boeni,Tsaramandroso
Boeny,Ambato Boeni,Ambondromamy
Boeny,Ambato Boeni,Ankirihitra
Boeny,Ambato Boeni,Andranomamy
Boeny,Ambato Boeni,Manerinerina
Boeny,Ambato Boeni,Sitampiky
Boeny,Mahajanga I,Mahajanga
Boeny,Mahajanga I,Mahabibo
Boeny,Mahajanga II,Belobaka
Boeny,Mahajanga II,Boanamary
Boeny,Mahajanga II,Ambalakida
Boeny,Mahajanga II,Betsako
Boeny,Mahajanga II,Mariarano
Boeny,Mahajanga II,Bekobay
Boeny,Mahajanga II,Andranoboka
Boeny,Mahajanga II,Mahajamba Usine
Boeny,Mahajanga II,Ambalabe Befanjava
Boeny,Marovoay,Marovoay Ville
Boeny,Marovoay,Ambolomoty
Boeny,Marovoay,Marovoay Banlieue
Boeny,Marovoay,Antanambao Andranolava
Boeny,Marovoay,Anosinalainolona
Boeny,Marovoay,Marosakoa
Boeny,Marovoay,Tsararano
Boeny,Marovoay,Ankazomborona
Boeny,Marovoay,Manaratsandry
Boeny,Marovoay,Antanimasaka
Boeny,Marovoay,Bemaharivo
Boeny,Marovoay,Ankaraobato
Boeny,Mitsinjo,Mitsinjo
Boeny,Mitsinjo,Antseza
Boeny,Mitsinjo,Antongomena Bevary
Boeny,Mitsinjo,Matsakabanja
Boeny,Mitsinjo,Katsepy
Boeny,Mitsinjo,Bekipay
Boeny,Mitsinjo,Ambarimaninga
Boeny,Soalala,Soalala
Boeny,Soalala,Ambohipaky
Boeny,Soalala,Andranomavo
Bongolava,Fenoarivobe,Fenoarivo Centre
Bongolava,Fenoarivobe,Firavahana
Bongolava,Fenoarivobe,Morarano Maritampona
Bongolava,Fenoarivobe,Kiranomena
Bongolava,Fenoarivobe,Tsinjoarivo 22
Bongolava,Fenoarivobe,Mahajeby
Bongolava,Fenoarivobe,Ambohitromby
Bongolava,Fenoarivobe,Ambatomainty Atsimo
Bongolava,Tsiroanomandidy,Tsiroanomandidy Ville
Bongolava,Tsiroanomandidy,Tsiroanomandidy Fihaonana
Bongolava,Tsiroanomandidy,Ambatolampy
Bongolava,Tsiroanomandidy,Maritampona
Bongolava,Tsiroanomandidy,Bevato
Bongolava,Tsiroanomandidy,Ankadinondry Sakay
Bongolava,Tsiroanomandidy,Ankerana Avaratra
Bongolava,Tsiroanomandidy,Miandrarivo
Bongolava,Tsiroanomandidy,Tsinjoarivo Imanga
Bongolava,Tsiroanomandidy,Soanierana
Bongolava,Tsiroanomandidy,Anosy
Bongolava,Tsiroanomandidy,Ambararatabe
Bongolava,Tsiroanomandidy,Belobaka
Bongolava,Tsiroanomandidy,Ambalanirana
Bongolava,Tsiroanomandidy,Mahasolo
Bongolava,Tsiroanomandidy,Bemahatazana
Bongolava,Tsiroanomandidy,Fierenana
Bongolava,Tsiroanomandidy,Maroharona
Diana,Ambanja,Ambanja
Diana,Ambanja,Benavony
Diana,Ambanja,Ambohimena
Diana,Ambanja,Antsatsaka
Diana,Ambanja,Antranokarany
Diana,Ambanja,Djangoa
Diana,Ambanja,Antsakoamanondro
Diana,Ambanja,Ambalahonko
Diana,Ambanja,Ankingameloka
Diana,Ambanja,Bemaneviky Haut Sambirano
Diana,Ambanja,Ambodimanga Ramena
Diana,Ambanja,Maevatanana
Diana,Ambanja,Antafiambotry
Diana,Ambanja,Maherivaratra
Diana,Ambanja,Marovato
Diana,Ambanja,Ambohitrandriana
Diana,Ambanja,Ambohimarina
Diana,Ambanja,Ambaliha
Diana,Ambanja,Marotolana
Diana,Ambanja,Bemaneviky Ouest
Diana,Ambanja,Anorontsangana
Diana,Ambanja,Antsirabe
Diana,Ambanja,Ankatafa
Diana,Ambilobe,Ambilobe
Diana,Ambilobe,Mantaly
Diana,Ambilobe,Ampondralava
Diana,Ambilobe,Tanambao Marivorahona
Diana,Ambilobe,Ambakirano
Diana,Ambilobe,Ambatoben'anjavy
Diana,Ambilobe,Antsaravibe
Diana,Ambilobe,Antsohimbondrona
Diana,Ambilobe,Anjiabe Ambony
Diana,Ambilobe,Ambodibonara
Diana,Ambilobe,Beramanja
Diana,Ambilobe,Betsiaka
Diana,Ambilobe,Ambarakaraka
Diana,Ambilobe,Anaborano Ifasy
Diana,Ambilobe,Manambato
Diana,Antsiranana I,Diego Suarez
Diana,Antsiranana II,Ramena
Diana,Antsiranana II,Sakaramy
Diana,Antsiranana II,Antanamitarana
Diana,Antsiranana II,Joffre Ville
Diana,Antsiranana II,Antsahampano
Diana,Antsiranana II,Mahavanona
Diana,Antsiranana II,Mangaoka
Diana,Antsiranana II,Andrafiabe
Diana,Antsiranana II,Anketrakabe
Diana,Antsiranana II,Sadjoavato
Diana,Antsiranana II,Antsalaka
Diana,Antsiranana II,Andranovondronina
Diana,Antsiranana II,Andranofanjava
Diana,Antsiranana II,Mahalina
Diana,Antsiranana II,Ankarongana
Diana,Antsiranana II,Anivorano Nord
Diana,Antsiranana II,Antsoha
Diana,Antsiranana II,Bobasakoa
Diana,Antsiranana II,Ambondrona
Diana,Antsiranana II,Bobakilandy
Diana,Antsiranana II,Mosorolava
Diana,Nosy-Be,Hell-Ville
Diana,Nosy-Be,Ampangorina
Diana,Nosy-Be,Ambatozavavy
Diana,Nosy-Be,Bemanondrobe
Diana,Nosy-Be,Dzamandzar
Haute Matsiatra,Ambalavao,Ambalavao
Haute Matsiatra,Ambalavao,Manamisoa
Haute Matsiatra,Ambalavao,Iarintsena
Haute Matsiatra,Ambalavao,Ambohimandroso
Haute Matsiatra,Ambalavao,Andrainjato
Haute Matsiatra,Ambalavao,Anjoma
Haute Matsiatra,Ambalavao,Kirano
Haute Matsiatra,Ambalavao,Sendrisoa
Haute Matsiatra,Ambalavao,Besoa
Haute Matsiatra,Ambalavao,Mahazony
Haute Matsiatra,Ambalavao,Ambinanindovoka
Haute Matsiatra,Ambalavao,Ankaramena
Haute Matsiatra,Ambalavao,Ambinaniroa
Haute Matsiatra,Ambalavao,Ambohimahamasina
Haute Matsiatra,Ambalavao,Miarinarivo
Haute Matsiatra,Ambalavao,Vohitsaoka
Haute Matsiatra,Ambalavao,Fenoarivo
Haute Matsiatra,Ambohimahasoa,Ambohimahasoa
Haute Matsiatra,Ambohimahasoa,Ampitana
Haute Matsiatra,Ambohimahasoa,Ankerana
Haute Matsiatra,Ambohimahasoa,Manandroy
Haute Matsiatra,Ambohimahasoa,Ambalakindresy
Haute Matsiatra,Ambohimahasoa,Ankafina Tsarafidy
Haute Matsiatra,Ambohimahasoa,Sahave
Haute Matsiatra,Ambohimahasoa,Morafeno
Haute Matsiatra,Ambohimahasoa,Ikalalao
Haute Matsiatra,Ambohimahasoa,Vohiposa
Haute Matsiatra,Ambohimahasoa,Ambatosoa
Haute Matsiatra,Ambohimahasoa,Isaka
Haute Matsiatra,Ambohimahasoa,Vohitrarivo
Haute Matsiatra,Ambohimahasoa,Ambohinamboarina
Haute Matsiatra,Ambohimahasoa,Sahatona
Haute Matsiatra,Ambohimahasoa,Camp Robin
Haute Matsiatra,Ambohimahasoa,Befeta
Haute Matsiatra,Ambohimahasoa,Fiadanana
Haute Matsiatra,Fianarantsoa I,Tanana Ambony
Haute Matsiatra,Fianarantsoa I,Tanana Ambany
Haute Matsiatra,Fianarantsoa I,Andrainjato Avaratra
Haute Matsiatra,Fianarantsoa I,Andrainjato Sud
Haute Matsiatra,Fianarantsoa I,Manolafaka
Haute Matsiatra,Fianarantsoa I,Lalazana
Haute Matsiatra,Fianarantsoa I,Vatosola
Haute Matsiatra,Ikalamavony,Ikalamavony
Haute Matsiatra,Ikalamavony,Mangidy
Haute Matsiatra,Ikalamavony,Solila
Haute Matsiatra,Ikalamavony,Ambatomainty
Haute Matsiatra,Ikalamavony,Fitampito
Haute Matsiatra,Ikalamavony,Tanamarina Sakay
Haute Matsiatra,Ikalamavony,Tsitondroina
Haute Matsiatra,Ikalamavony,Tanamarina Bekisopa
Haute Matsiatra,Isandra,Isorana
Haute Matsiatra,Isandra,Anjoma Itsara
Haute Matsiatra,Isandra,Andoharanomaitso
Haute Matsiatra,Isandra,Ambondrona
Haute Matsiatra,Isandra,Ambalamidera II
Haute Matsiatra,Isandra,Ankarinarivo Manirisoa
Haute Matsiatra,Isandra,Soatanana
Haute Matsiatra,Isandra,Nasandratrony
Haute Matsiatra,Isandra,Mahazoarivo
Haute Matsiatra,Isandra,Fanjakana
Haute Matsiatra,Isandra,Iavonomby Vohibola
Haute Matsiatra,Lalangina,Andrainjato Centre
Haute Matsiatra,Lalangina,Andrainjato Est
Haute Matsiatra,Lalangina,Ambalakely
Haute Matsiatra,Lalangina,Ivoamba
Haute Matsiatra,Lalangina,Taindambo
Haute Matsiatra,Lalangina,Mahatsinjony
Haute Matsiatra,Lalangina,Sahambavy
Haute Matsiatra,Lalangina,Ambalamahasoa
Haute Matsiatra,Lalangina,Alakamisy Ambohimaha
Haute Matsiatra,Lalangina,Androy
Haute Matsiatra,Lalangina,Alatsinainy Ialamarina
Haute Matsiatra,Lalangina,Fandrandava
Haute Matsiatra,Lalangina,Ialananindro
Haute Matsiatra,Vohibato,Mahasoabe
Haute Matsiatra,Vohibato,Vinanitelo
Haute Matsiatra,Vohibato,Alakamisy Itenina
Haute Matsiatra,Vohibato,Talata Ampano
Haute Matsiatra,Vohibato,Ihazoara
Haute Matsiatra,Vohibato,Ankaromalaza Mifanasoa
Haute Matsiatra,Vohibato,Vohimarina
Haute Matsiatra,Vohibato,Maneva
Haute Matsiatra,Vohibato,Vohitrafeno
Haute Matsiatra,Vohibato,Andranovorivato
Haute Matsiatra,Vohibato,Vohibato Ouest
Haute Matsiatra,Vohibato,Andranomiditra
Haute Matsiatra,Vohibato,Soaindrana
Haute Matsiatra,Vohibato,Mahaditra
Ihorombe,Iakora,Iakora
Ihorombe,Iakora,Ranotsara Nord
Ihorombe,Iakora,Begogo
Ihorombe,Ihosy,Ihosy
Ihorombe,Ihosy,Ankily
Ihorombe,Ihosy,Ambia
Ihorombe,Ihosy,Tolohomiady
Ihorombe,Ihosy,Irina
Ihorombe,Ihosy,Sahambano
Ihorombe,Ihosy,Analaliry
Ihorombe,Ihosy,Mahasoa
Ihorombe,Ihosy,Ambatolahy
Ihorombe,Ihosy,Soamatasy
Ihorombe,Ihosy,Zazafotsy
Ihorombe,Ihosy,Antsoha
Ihorombe,Ihosy,Sakalalina
Ihorombe,Ihosy,Satrokala
Ihorombe,Ihosy,Andiolava
Ihorombe,Ihosy,Analavoka
Ihorombe,Ihosy,Ranohira
Ihorombe,Ihosy,Ilakaka
Ihorombe,Ihosy,Menamaty Iloto
Ihorombe,Ivohibe,Ivohibe
Ihorombe,Ivohibe,Antambohobe
Ihorombe,Ivohibe,Maropaika
Ihorombe,Ivohibe,Ivongo
Itasy,Arivonimamo,Arivonimamo I
Itasy,Arivonimamo,Arivonimamo II
Itasy,Arivonimamo,Ambohitrambo
Itasy,Arivonimamo,Ampahimanga
Itasy,Arivonimamo,Amboanana
Itasy,Arivonimamo,Morafeno
Itasy,Arivonimamo,Imerintsiatosika
Itasy,Arivonimamo,Morarano
Itasy,Arivonimamo,Ambatomirahavavy
Itasy,Arivonimamo,Ambatomanga
Itasy,Arivonimamo,Manalalondo
Itasy,Arivonimamo,Antenimbe
Itasy,Arivonimamo,Alakamisikely
Itasy,Arivonimamo,Mahatsinjo Est
Itasy,Arivonimamo,Marofangady
Itasy,Arivonimamo,Rambolamasoandro Andranomiely
Itasy,Arivonimamo,Ambohimandry
Itasy,Arivonimamo,Antambolo
Itasy,Arivonimamo,Ambohimasina
Itasy,Arivonimamo,Ambohipandrano
Itasy,Arivonimamo,Miandrandra
Itasy,Arivonimamo,Miantsoarivo
Itasy,Miarinarivo,Miarinarivo I
Itasy,Miarinarivo,Miarinarivo II
Itasy,Miarinarivo,Ambatomanjaka
Itasy,Miarinarivo,Manazary
Itasy,Miarinarivo,Antoby Est
Itasy,Miarinarivo,Soamahamanina
Itasy,Miarinarivo,Analavory
Itasy,Miarinarivo,Alatsinainikely
Itasy,Miarinarivo,Mandiavato
Itasy,Miarinarivo,Anosibe Ifanja
Itasy,Miarinarivo,Sarobaratra Ifanja
Itasy,Miarinarivo,Zoma Bealoka
Itasy,Miarinarivo,Soavimbazaha
Itasy,Miarinarivo,Andolofotsy
Itasy,Soavinandriana,Soavinandriana
Itasy,Soavinandriana,Dondona
Itasy,Soavinandriana,Ampary
Itasy,Soavinandriana,Mananasy
Itasy,Soavinandriana,Masindray
Itasy,Soavinandriana,Amparibohitra
Itasy,Soavinandriana,Ampefy
Itasy,Soavinandriana,Antanetibe
Itasy,Soavinandriana,Amparaky
Itasy,Soavinandriana,Amberomanga
Itasy,Soavinandriana,Ankaranana
Itasy,Soavinandriana,Mahavelona
Itasy,Soavinandriana,Ankisabe
Itasy,Soavinandriana,Ambatoasana Centre
Itasy,Soavinandriana,Tamponala
Melaky,Ambatomainty,Ambatomainty
Melaky,Ambatomainty,Bemarivo
Melaky,Ambatomainty,Sarodrano
Melaky,Ambatomainty,Marotsialeha
Melaky,Antsalova,Antsalova
Melaky,Antsalova,Soahany
Melaky,Antsalova,Masoarivo
Melaky,Antsalova,Trangahy
Melaky,Antsalova,Bekopaka
Melaky,Besalampy,Besalampy
Melaky,Besalampy,Ampako
Melaky,Besalampy,Marovoay Sud
Melaky,Besalampy,Soanenga
Melaky,Besalampy,Bekodoka
Melaky,Besalampy,Ambolodia Sud
Melaky,Besalampy,Ankasakasa Tsibiray
Melaky,Besalampy,Mahabe
Melaky,Maintirano,Maintirano
Melaky,Maintirano,Mafaijijo
Melaky,Maintirano,Andabotoka
Melaky,Maintirano,Betanatanana
Melaky,Maintirano,Andrea
Melaky,Maintirano,Ankisatra
Melaky,Maintirano,Marohazo
Melaky,Maintirano,Antsondrodava
Melaky,Maintirano,Belitsaky
Melaky,Maintirano,Tambohorano
Melaky,Maintirano,Veromanga
Melaky,Maintirano,Maromavo
Melaky,Maintirano,Andranovao
Melaky,Maintirano,Antsaidoha Bebao
Melaky,Maintirano,Berevo/Ranobe
Melaky,Maintirano,Bebaboky Sud
Melaky,Maintirano,Bemokotra Sud
Melaky,Morafenobe,Morafenobe
Melaky,Morafenobe,Andramy
Melaky,Morafenobe,Beravina
Menabe,Belo Sur Tsiribihina,Belo Sur Tsiribihina
Menabe,Belo Sur Tsiribihina,Andimaky Manambolo
Menabe,Belo Sur Tsiribihina,Bemarivo Ankirondro
Menabe,Belo Sur Tsiribihina,Tsimafana
Menabe,Belo Sur Tsiribihina,Beroboka Nord
Menabe,Belo Sur Tsiribihina,Tsaraotana
Menabe,Belo Sur Tsiribihina,Masoarivo
Menabe,Belo Sur Tsiribihina,Aboalimena
Menabe,Belo Sur Tsiribihina,Ankalalobe
Menabe,Belo Sur Tsiribihina,Ambiky
Menabe,Belo Sur Tsiribihina,Berevo
Menabe,Belo Sur Tsiribihina,Antsoha
Menabe,Belo Sur Tsiribihina,Belinta
Menabe,Belo Sur Tsiribihina,Ankiroroky
Menabe,Mahabo,Mahabo
Menabe,Mahabo,Ankilivalo
Menabe,Mahabo,Analamitsivalana
Menabe,Mahabo,Befotaka
Menabe,Mahabo,Ampanihy
Menabe,Mahabo,Ankilizato
Menabe,Mahabo,Ambia
Menabe,Mahabo,Mandabe
Menabe,Mahabo,Malaimbandy
Menabe,Mahabo,Beronono
Menabe,Mahabo,Mazavasoa
Menabe,Manja,Manja
Menabe,Manja,Beharona
Menabe,Manja,Anontsibe Centre
Menabe,Manja,Soaserana
Menabe,Manja,Ankiliabo
Menabe,Manja,Andranopasy
Menabe,Miandrivazo,Miandrivazo
Menabe,Miandrivazo,Dabolava
Menabe,Miandrivazo,Bemahatazana
Menabe,Miandrivazo,Ampanihy
Menabe,Miandrivazo,Anosimena
Menabe,Miandrivazo,Manandaza
Menabe,Miandrivazo,Ankotrofotsy
Menabe,Miandrivazo,Isalo
Menabe,Miandrivazo,Ambatolahy
Menabe,Miandrivazo,Manambina
Menabe,Miandrivazo,Itondy
Menabe,Miandrivazo,Ankavandra
Menabe,Miandrivazo,Soaloka
Menabe,Miandrivazo,Betsipolitra
Menabe,Miandrivazo,Ankondromena
Menabe,Morondava,Morondava
Menabe,Morondava,Bemanonga
Menabe,Morondava,Analaiva
Menabe,Morondava,Befasy
Menabe,Morondava,Belo Sur Mer
Sava,Andapa,Andapa
Sava,Andapa,Tanandava
Sava,Andapa,Ankiakabe Nord
Sava,Andapa,Belaoka Marovato
Sava,Andapa,Ambodimanga I
Sava,Andapa,Marovato
Sava,Andapa,Andrakata
Sava,Andapa,Bealampona
Sava,Andapa,Matsohely
Sava,Andapa,Andranomena
Sava,Andapa,Ambalamanasy II
Sava,Andapa,Ambodiangezoka
Sava,Andapa,Betsakotsako Andranotsara
Sava,Andapa,Belaoka Lokoho
Sava,Andapa,Anoviara
Sava,Andapa,Doany
Sava,Andapa,Anjialavabe
Sava,Andapa,Antsahamena
Sava,Antalaha,Antalaha Ambonivohitra
Sava,Antalaha,Ampahana
Sava,Antalaha,Ampohibe
Sava,Antalaha,Antombana
Sava,Antalaha,Antsahanoro
Sava,Antalaha,Antananambo
Sava,Antalaha,Marofinaritra
Sava,Antalaha,Sarahandrano
Sava,Antalaha,Andampy
Sava,Antalaha,Ambalabe
Sava,Antalaha,Ambinanifaho
Sava,Antalaha,Ambohitralanana
Sava,Antalaha,Lanjarivo
Sava,Antalaha,Antsambalahy
Sava,Antalaha,Vinanivao
Sava,Antalaha,Ampanavoana
Sava,Sambava,Sambava Cu
Sava,Sambava,Ambohimalaza
Sava,Sambava,Farahalana
Sava,Sambava,Nosiarina
Sava,Sambava,Ambodivoara
Sava,Sambava,Anjinjaomby
Sava,Sambava,Morafeno
Sava,Sambava,Analamaho
Sava,Sambava,Ambohimitsinjo
Sava,Sambava,Anjangoveratra
Sava,Sambava,Andratamarina
Sava,Sambava,Marogaona
Sava,Sambava,Marojala
Sava,Sambava,Antsambaharo
Sava,Sambava,Andrahanjo
Sava,Sambava,Bemanevika
Sava,Sambava,Amboangibe
Sava,Sambava,Andrembona
Sava,Sambava,Antindra
Sava,Sambava,Ambodiampana
Sava,Sambava,Maroambihy
Sava,Sambava,Ambatoafo
Sava,Sambava,Anjialava
Sava,Sambava,Tanambao Daoud
Sava,Sambava,Antsahavaribe
Sava,Sambava,Bevonotra
Sava,Vohemar,Vohemar
Sava,Vohemar,Ampondra
Sava,Vohemar,Fanambana
Sava,Vohemar,Milanoa
Sava,Vohemar,Bobakindro
Sava,Vohemar,Daraina
Sava,Vohemar,Ambalasatrana
Sava,Vohemar,Tsarabaria
Sava,Vohemar,Nosibe
Sava,Vohemar,Andravory
Sava,Vohemar,Andrafainkona
Sava,Vohemar,Ampanefena
Sava,Vohemar,Ambodisambalahy
Sava,Vohemar,Ambinanin'Andravory
Sava,Vohemar,Amboriala
Sava,Vohemar,Maromokotra Loky
Sava,Vohemar,Antsirabe Nord
Sava,Vohemar,Ampisikinana
Sava,Vohemar,Belambo
Sofia,Analalava,Analalava
Sofia,Analalava,Ambarijeby Sud
Sofia,Analalava,Ambolobozo
Sofia,Analalava,Befotaka Nord
Sofia,Analalava,Ambaliha
Sofia,Analalava,Maromandia
Sofia,Analalava,Marovatolena
Sofia,Analalava,Andribavontsona
Sofia,Analalava,Angoaka Sud
Sofia,Analalava,Marovantaza
Sofia,Analalava,Ankaramy
Sofia,Analalava,Antonibe
Sofia,Analalava,Mahadrodroka
Sofia,Antsohihy,Antsohihy
Sofia,Antsohihy,Ankerika
Sofia,Antsohihy,Ampandriankilandy
Sofia,Antsohihy,Anjalazala
Sofia,Antsohihy,Anahidrano
Sofia,Antsohihy,Ambodimandresy
Sofia,Antsohihy,Anjiamangirana
Sofia,Antsohihy,Ambodimanary
Sofia,Antsohihy,Antsahabe
Sofia,Antsohihy,Ambodimadiro
Sofia,Antsohihy,Andreba
Sofia,Antsohihy,Maroala
Sofia,Bealanana,Bealanana
Sofia,Bealanana,Beandrarezona
Sofia,Bealanana,Antananivo Haut
Sofia,Bealanana,Antsamaka
Sofia,Bealanana,Ambatosia
Sofia,Bealanana,Ambodiampana
Sofia,Bealanana,Ambatoriha Est
Sofia,Bealanana,Ambovonomby
Sofia,Bealanana,Analila
Sofia,Bealanana,Anjozoromadosy
Sofia,Bealanana,Mangindrano
Sofia,Bealanana,Ambararatabe Nord
Sofia,Bealanana,Ambodisikidy
Sofia,Bealanana,Ambararata Sofia
Sofia,Bealanana,Marotolana
Sofia,Bealanana,Ambodiadabo M
Sofia,Bealanana,Ankazotokana
Sofia,Bealanana,Ambalaromba
Sofia,Befandriana Nord,Befandriana Nord
Sofia,Befandriana Nord,Morafeno
Sofia,Befandriana Nord,Ambodimotso Sud
Sofia,Befandriana Nord,Tsiamalao
Sofia,Befandriana Nord,Maroamalona
Sofia,Befandriana Nord,Tsarahonenana
Sofia,Befandriana Nord,Antsakanalabe
Sofia,Befandriana Nord,Ambararata
Sofia,Befandriana Nord,Ambolidibe Est
Sofia,Befandriana Nord,Ankarongana
Sofia,Befandriana Nord,Antsakabary
Sofia,Befandriana Nord,Matsondakana
Sofia,Mampikony,Mampikony I
Sofia,Mampikony,Mampikony II
Sofia,Mampikony,Ambohitoaka
Sofia,Mampikony,Ankiririky
Sofia,Mampikony,Bekoratsaka
Sofia,Mampikony,Malakialina
Sofia,Mampikony,Betaramahamay
Sofia,Mampikony,Komajia
Sofia,Mampikony,Ampasimatera
Sofia,Mampikony,Ambodihazoambo
Sofia,Mandritsara,Mandritsara
Sofia,Mandritsara,Antanandava
Sofia,Mandritsara,Antsoha
Sofia,Mandritsara,Tsaratanana
Sofia,Mandritsara,Kalandy
Sofia,Mandritsara,Antsirabe Centre
Sofia,Mandritsara,Antsiatsiaka
Sofia,Mandritsara,Amboaboa
Sofia,Mandritsara,Manampaneva
Sofia,Mandritsara,Ambarikorano
Sofia,Mandritsara,Andratamarina
Sofia,Mandritsara,Ambaripaika
Sofia,Mandritsara,Ambodiamontana Kianga
Sofia,Mandritsara,Ambalakirajy
Sofia,Mandritsara,Tsarajomoka
Sofia,Mandritsara,Antsatramidola
Sofia,Mandritsara,Ankiakabe-Fonoko
Sofia,Mandritsara,Marotandrano
Sofia,Mandritsara,Ambilombe
Sofia,Mandritsara,Andohajango
Sofia,Mandritsara,Anjiabe
Sofia,Mandritsara,Ambohisoa
Sofia,Mandritsara,Ampatakamaroreny
Sofia,Mandritsara,Ankiabe-Salohy
Sofia,Mandritsara,Pont Sofia
Sofia,Mandritsara,Ambodiadabo
Sofia,Mandritsara,Amborondolo
Sofia,Mandritsara,Antanambaon'amberina
Sofia,Port-Berge (Boriziny-Vaovao),Port Berge
Sofia,Port-Berge (Boriziny-Vaovao),Ambanjabe
Sofia,Port-Berge (Boriziny-Vaovao),Tsaratanana I
Sofia,Port-Berge (Boriziny-Vaovao),Tsarahasina
Sofia,Port-Berge (Boriziny-Vaovao),Tsiningia
Sofia,Port-Berge (Boriziny-Vaovao),Andranomeva
Sofia,Port-Berge (Boriziny-Vaovao),Amparihy
Sofia,Port-Berge (Boriziny-Vaovao),Leanja
Sofia,Port-Berge (Boriziny-Vaovao),Ambodisakoana
Sofia,Port-Berge (Boriziny-Vaovao),Tsinjomitondraka
Sofia,Port-Berge (Boriziny-Vaovao),Maevaranohely
Sofia,Port-Berge (Boriziny-Vaovao),Marovato
Sofia,Port-Berge (Boriziny-Vaovao),Ambodimahabibo
Sofia,Port-Berge (Boriziny-Vaovao),Ambodivongo
Sofia,Port-Berge (Boriziny-Vaovao),Port Berge II
Vakinankaratra,Ambatolampy,Ambatolampy
Vakinankaratra,Ambatolampy,Morarano
Vakinankaratra,Ambatolampy,Ambohipihaonana
Vakinankaratra,Ambatolampy,Manjakatompo
Vakinankaratra,Ambatolampy,Ambatondrakalavao
Vakinankaratra,Ambatolampy,Andriambilany
Vakinankaratra,Ambatolampy,Belambo Firaisana
Vakinankaratra,Ambatolampy,Andravola Vohipeno
Vakinankaratra,Ambatolampy,Tsiafajavona Ankaratra
Vakinankaratra,Ambatolampy,Ambodifarihy Fenomanana
Vakinankaratra,Ambatolampy,Sabotsy Namatoana
Vakinankaratra,Ambatolampy,Antanimasaka
Vakinankaratra,Ambatolampy,Behenjy
Vakinankaratra,Ambatolampy,Antsampandrano
Vakinankaratra,Ambatolampy,Antanamalaza
Vakinankaratra,Ambatolampy,Antakasina
Vakinankaratra,Ambatolampy,Tsinjoarivo
Vakinankaratra,Ambatolampy,Andranovelona
Vakinankaratra,Antanifotsy,Antanifotsy
Vakinankaratra,Antanifotsy,Ambatolahy
Vakinankaratra,Antanifotsy,Ampitatafika
Vakinankaratra,Antanifotsy,Ambatomiady
Vakinankaratra,Antanifotsy,Andranofito
Vakinankaratra,Antanifotsy,Ambohimandroso
Vakinankaratra,Antanifotsy,Ambatotsipihina
Vakinankaratra,Antanifotsy,Ambohitompoina
Vakinankaratra,Antanifotsy,Belanitra
Vakinankaratra,Antanifotsy,Antsahalava
Vakinankaratra,Antanifotsy,Ambodiriana
Vakinankaratra,Antanifotsy,Antsampandrano
Vakinankaratra,Antsirabe I,Antsenakely Andraikiba
Vakinankaratra,Antsirabe I,Ampatana Mandriankeniheny
Vakinankaratra,Antsirabe I,Soamalaza Mahatsinjo
Vakinankaratra,Antsirabe I,Antsirabe Afovoany Atsinanana
Vakinankaratra,Antsirabe I,Manodidina ny Gara Ambilombe
Vakinankaratra,Antsirabe I,Mahazoarivo Avarabohitra
Vakinankaratra,Antsirabe II,Ambano
Vakinankaratra,Antsirabe II,Belazao
Vakinankaratra,Antsirabe II,Alakamisy
Vakinankaratra,Antsirabe II,Antanimandry
Vakinankaratra,Antsirabe II,Vinaninkarena
Vakinankaratra,Antsirabe II,Andranomanelatra
Vakinankaratra,Antsirabe II,Ambohidranandriana
Vakinankaratra,Antsirabe II,Ambohimiarivo
Vakinankaratra,Antsirabe II,Ambohitsimanova
Vakinankaratra,Antsirabe II,Mangarano
Vakinankaratra,Antsirabe II,Manandona
Vakinankaratra,Antsirabe II,Antsoatany
Vakinankaratra,Antsirabe II,Alatsinainy Ibity
Vakinankaratra,Antsirabe II,Sahanivotry Manandona
Vakinankaratra,Antsirabe II,Soanindrariny
Vakinankaratra,Antsirabe II,Ambatomena
Vakinankaratra,Antsirabe II,Ambohibary
Vakinankaratra,Antsirabe II,Mandrosohasina
Vakinankaratra,Antsirabe II,Tsarahonenana Sahanivotry
Vakinankaratra,Antsirabe II,Antanambao
Vakinankaratra,Betafo,Betafo
Vakinankaratra,Betafo,Andranomafana
Vakinankaratra,Betafo,Mandritsara
Vakinankaratra,Betafo,Alakamisy Anativato
Vakinankaratra,Betafo,Antsoso
Vakinankaratra,Betafo,Tritriva
Vakinankaratra,Betafo,Soavina
Vakinankaratra,Betafo,Manohisoa
Vakinankaratra,Betafo,Ambatonikolahy
Vakinankaratra,Betafo,Antohobe
Vakinankaratra,Betafo,Mahaiza
Vakinankaratra,Betafo,Anosiarivo Manapa
Vakinankaratra,Betafo,Alakamisy Marososona
Vakinankaratra,Betafo,Ambohimanambola
Vakinankaratra,Betafo,Ambohimasina
Vakinankaratra,Betafo,Inanantonana
Vakinankaratra,Betafo,Alarobia Bemaha
Vakinankaratra,Betafo,Andrembesoa
Vakinankaratra,Faratsiho,Faratsiho
Vakinankaratra,Faratsiho,Antsampanimahazo
Vakinankaratra,Faratsiho,Faravohitra
Vakinankaratra,Faratsiho,Ramainandro
Vakinankaratra,Faratsiho,Andranomiady
Vakinankaratra,Faratsiho,Vinaninony Atsimo
Vakinankaratra,Faratsiho,Ambohiborona
Vakinankaratra,Faratsiho,Miandrarivo
Vakinankaratra,Faratsiho,Valabetokana
Vakinankaratra,Mandoto,Mandoto
Vakinankaratra,Mandoto,Betsohana
Vakinankaratra,Mandoto,Antanambao Ambary
Vakinankaratra,Mandoto,Anjoma Ramartina
Vakinankaratra,Mandoto,Ankazomiriotra
Vakinankaratra,Mandoto,Fidirana
Vakinankaratra,Mandoto,Vasiana
Vakinankaratra,Mandoto,Vinany
Vatovavy Fitovinany,Ifanadiana,Ifanadiana
Vatovavy Fitovinany,Ifanadiana,Antaretra
Vatovavy Fitovinany,Ifanadiana,Tsaratanana
Vatovavy Fitovinany,Ifanadiana,Ranomafana
Vatovavy Fitovinany,Ifanadiana,Kelilalina
Vatovavy Fitovinany,Ifanadiana,Androrangavola
Vatovavy Fitovinany,Ifanadiana,Marotoko
Vatovavy Fitovinany,Ifanadiana,Ambohimiera
Vatovavy Fitovinany,Ifanadiana,Antsindra
Vatovavy Fitovinany,Ifanadiana,Ambohimanga Du Sud
Vatovavy Fitovinany,Ifanadiana,Analampasina
Vatovavy Fitovinany,Ifanadiana,Fasintsara
Vatovavy Fitovinany,Ifanadiana,Maroharatra
Vatovavy Fitovinany,Ikongo,Ikongo
Vatovavy Fitovinany,Ikongo,Ambolomadinika
Vatovavy Fitovinany,Ikongo,Ambatofotsy
Vatovavy Fitovinany,Ikongo,Belemoka
Vatovavy Fitovinany,Ikongo,Maromiandra
Vatovavy Fitovinany,Ikongo,Manampatrana
Vatovavy Fitovinany,Ikongo,Ambinanitromby
Vatovavy Fitovinany,Ikongo,Ifanirea
Vatovavy Fitovinany,Ikongo,Tanakambana
Vatovavy Fitovinany,Ikongo,Sahalanona
Vatovavy Fitovinany,Ikongo,Tolongoina
Vatovavy Fitovinany,Ikongo,Ambohimisafy
Vatovavy Fitovinany,Ikongo,Ankarimbelo
Vatovavy Fitovinany,Ikongo,Antodinga
Vatovavy Fitovinany,Ikongo,Kalafotsy
Vatovavy Fitovinany,Manakara Atsimo,Manakara
Vatovavy Fitovinany,Manakara Atsimo,Tataho
Vatovavy Fitovinany,Manakara Atsimo,Mangatsiotra
Vatovavy Fitovinany,Manakara Atsimo,Marofarihy
Vatovavy Fitovinany,Manakara Atsimo,Anosiala
Vatovavy Fitovinany,Manakara Atsimo,Ambila
Vatovavy Fitovinany,Manakara Atsimo,Sorombo
Vatovavy Fitovinany,Manakara Atsimo,Mizilo Gara
Vatovavy Fitovinany,Manakara Atsimo,Ambohitsara M
Vatovavy Fitovinany,Manakara Atsimo,Sahasinaka
Vatovavy Fitovinany,Manakara Atsimo,Sahanambohitra
Vatovavy Fitovinany,Manakara Atsimo,Ambahatrazo
Vatovavy Fitovinany,Manakara Atsimo,Amboanjo
Vatovavy Fitovinany,Manakara Atsimo,Anorombato
Vatovavy Fitovinany,Manakara Atsimo,Vohimasy
Vatovavy Fitovinany,Manakara Atsimo,Lokomby
Vatovavy Fitovinany,Manakara Atsimo,Vatana
Vatovavy Fitovinany,Manakara Atsimo,Sakoana
Vatovavy Fitovinany,Manakara Atsimo,Ambahive
Vatovavy Fitovinany,Manakara Atsimo,Ambandrika
Vatovavy Fitovinany,Manakara Atsimo,Ambalaroka
Vatovavy Fitovinany,Manakara Atsimo,Vohimanitra
Vatovavy Fitovinany,Manakara Atsimo,Mitanty
Vatovavy Fitovinany,Manakara Atsimo,Analavory
Vatovavy Fitovinany,Manakara Atsimo,Bekatra
Vatovavy Fitovinany,Manakara Atsimo,Vinanitelo
Vatovavy Fitovinany,Manakara Atsimo,Ampasimanjeva
Vatovavy Fitovinany,Manakara Atsimo,Ambotaka
Vatovavy Fitovinany,Manakara Atsimo,Nihaonana
Vatovavy Fitovinany,Manakara Atsimo,Mavorano
Vatovavy Fitovinany,Manakara Atsimo,Vohimasina Nord
Vatovavy Fitovinany,Manakara Atsimo,Vohimasina Sud
Vatovavy Fitovinany,Manakara Atsimo,Betampona
Vatovavy Fitovinany,Manakara Atsimo,Vohilava
Vatovavy Fitovinany,Manakara Atsimo,Fenomby
Vatovavy Fitovinany,Manakara Atsimo,Ambalavero
Vatovavy Fitovinany,Manakara Atsimo,Amborondra
Vatovavy Fitovinany,Manakara Atsimo,Mahabako
Vatovavy Fitovinany,Manakara Atsimo,Onilahy
Vatovavy Fitovinany,Manakara Atsimo,Mahamaibe
Vatovavy Fitovinany,Manakara Atsimo,Kianjanomby
Vatovavy Fitovinany,Manakara Atsimo,Ampasimpotsy Sud
Vatovavy Fitovinany,Manakara Atsimo,Anteza
Vatovavy Fitovinany,Manakara Atsimo,Saharefo
Vatovavy Fitovinany,Manakara Atsimo,Ampasimboraka
Vatovavy Fitovinany,Mananjary,Mananjary
Vatovavy Fitovinany,Mananjary,Tsaravary
Vatovavy Fitovinany,Mananjary,Ankatafana
Vatovavy Fitovinany,Mananjary,Mahatsara Sud
Vatovavy Fitovinany,Mananjary,Tsiatosika
Vatovavy Fitovinany,Mananjary,Mahatsara Iefaka
Vatovavy Fitovinany,Mananjary,Marokarima
Vatovavy Fitovinany,Mananjary,Morafeno
Vatovavy Fitovinany,Mananjary,Antsenavolo
Vatovavy Fitovinany,Mananjary,Marosangy
Vatovavy Fitovinany,Mananjary,Ambohimiarina II
Vatovavy Fitovinany,Mananjary,Andranambolava
Vatovavy Fitovinany,Mananjary,Vohilava
Vatovavy Fitovinany,Mananjary,Mahela
Vatovavy Fitovinany,Mananjary,Ambohitsara Est
Vatovavy Fitovinany,Mananjary,Mahavoky Nord
Vatovavy Fitovinany,Mananjary,Andonabe
Vatovavy Fitovinany,Mananjary,Ambohinihaonana
Vatovavy Fitovinany,Mananjary,Marofototra
Vatovavy Fitovinany,Mananjary,Andranomavo
Vatovavy Fitovinany,Mananjary,Vatohandrina
Vatovavy Fitovinany,Mananjary,Ambalahosy Nord
Vatovavy Fitovinany,Mananjary,Ambodinonoka
Vatovavy Fitovinany,Mananjary,Antaretra
Vatovavy Fitovinany,Mananjary,Kianjavato
Vatovavy Fitovinany,Mananjary,Sandrohy
Vatovavy Fitovinany,Mananjary,Anosimparihy
Vatovavy Fitovinany,Mananjary,Manakana Nord
Vatovavy Fitovinany,Mananjary,Namorona
Vatovavy Fitovinany,Nosy-Varika,Nosy Varika
Vatovavy Fitovinany,Nosy-Varika,Ambahy
Vatovavy Fitovinany,Nosy-Varika,Andara
Vatovavy Fitovinany,Nosy-Varika,Fiadanana
Vatovavy Fitovinany,Nosy-Varika,Ambodirian'i Sahafary
Vatovavy Fitovinany,Nosy-Varika,Sahavato
Vatovavy Fitovinany,Nosy-Varika,Vohilava
Vatovavy Fitovinany,Nosy-Varika,Vohitrandriana
Vatovavy Fitovinany,Nosy-Varika,Vohidroa
Vatovavy Fitovinany,Nosy-Varika,Ambakobe
Vatovavy Fitovinany,Nosy-Varika,Soavina
Vatovavy Fitovinany,Nosy-Varika,Ambodilafa
Vatovavy Fitovinany,Nosy-Varika,Androrangavola
Vatovavy Fitovinany,Nosy-Varika,Ampasinambo
Vatovavy Fitovinany,Nosy-Varika,Antanambao
Vatovavy Fitovinany,Nosy-Varika,Angodongodona
Vatovavy Fitovinany,Nosy-Varika,Befody
Vatovavy Fitovinany,Nosy-Varika,Ambodiara
Vatovavy Fitovinany,Vohipeno,Vohipeno
Vatovavy Fitovinany,Vohipeno,Vohitrindry
Vatovavy Fitovinany,Vohipeno,Vohindava
Vatovavy Fitovinany,Vohipeno,Ivato
Vatovavy Fitovinany,Vohipeno,Savana
Vatovavy Fitovinany,Vohipeno,Anoloka
Vatovavy Fitovinany,Vohipeno,Mahabo
Vatovavy Fitovinany,Vohipeno,Ankarimbary
Vatovavy Fitovinany,Vohipeno,Lanivo
Vatovavy Fitovinany,Vohipeno,Nato
Vatovavy Fitovinany,Vohipeno,Mahasoabe
Vatovavy Fitovinany,Vohipeno,Onjatsy
Vatovavy Fitovinany,Vohipeno,Vohilany
Vatovavy Fitovinany,Vohipeno,Andemaka
Vatovavy Fitovinany,Vohipeno,Ifatsy
Vatovavy Fitovinany,Vohipeno,Antananabo
Vatovavy Fitovinany,Vohipeno,Ilakatra
Vatovavy Fitovinany,Vohipeno,Sahalava
Vatovavy Fitovinany,Vohipeno,Mahazoarivo
